Commune;Canton;DÃ©partement;Territoire de projet
AITI;BUSTANICO;HAUTE-CORSE;CENTRE CORSE
AREGNO;BELGODERE;HAUTE-CORSE;PAYS DE BALAGNE
CALCATOGGIO;CRUZINI-CINARCA;CORSE-DU-SUD;OUEST CORSE
CAMPITELLO;ALTO-DI-CASACONI;HAUTE-CORSE;PAYS BASTIAIS
CASANOVA;VENACO;HAUTE-CORSE;CENTRE CORSE
CENTURI;CAPOBIANCO;HAUTE-CORSE;PAYS BASTIAIS
CROCE;FIUMALTO-D'AMPUGNANI;HAUTE-CORSE;CASTAGNICCIA / MARE E MONTI
CROCICCHIA;ALTO-DI-CASACONI;HAUTE-CORSE;PAYS BASTIAIS
GIUNCAGGIO;BUSTANICO;HAUTE-CORSE;PLAINE ORIENTALE
GRANACE;SARTENE;CORSE-DU-SUD;TARAVO / VALINCO / SARTENAIS
MOITA;MOITA-VERDE;HAUTE-CORSE;PLAINE ORIENTALE
MONACIA-D'OREZZA;OREZZA-ALESANI;HAUTE-CORSE;CASTAGNICCIA / MARE E MONTI
OLMETO;OLMETO;CORSE-DU-SUD;TARAVO / VALINCO / SARTENAIS
PALNECA;ZICAVO;CORSE-DU-SUD;TARAVO / VALINCO / SARTENAIS
PORTO-VECCHIO;PORTO-VECCHIO;CORSE-DU-SUD;EXTREME SUD / ALTA ROCCA
SAINT-FLORENT;LA CONCA-D'ORO;HAUTE-CORSE;PAYS BASTIAIS
SAN-GAVINO-DI-CARBINI;LEVIE;CORSE-DU-SUD;EXTREME SUD / ALTA ROCCA
SARI-D'ORCINO;CRUZINI-CINARCA;CORSE-DU-SUD;OUEST CORSE
SARI-SOLENZARA;PORTO-VECCHIO;CORSE-DU-SUD;PLAINE ORIENTALE
TALASANI;FIUMALTO-D'AMPUGNANI;HAUTE-CORSE;CASTAGNICCIA / MARE E MONTI
TALLONE;MOITA-VERDE;HAUTE-CORSE;PLAINE ORIENTALE
VERDESE;OREZZA-ALESANI;HAUTE-CORSE;CASTAGNICCIA / MARE E MONTI
APPIETTO;AJACCIO 7E CANTON;CORSE-DU-SUD;PAYS AJACCIEN
AULLENE;TALLANO-SCOPAMENE;CORSE-DU-SUD;TARAVO / VALINCO / SARTENAIS
CIAMANNACCE;ZICAVO;CORSE-DU-SUD;TARAVO / VALINCO / SARTENAIS
CRISTINACCE;LES DEUX-SEVI;CORSE-DU-SUD;OUEST CORSE
LEVIE;LEVIE;CORSE-DU-SUD;EXTREME SUD / ALTA ROCCA
LOZZI;NIOLU-OMESSA;HAUTE-CORSE;CENTRE CORSE
OLETTA;LA CONCA-D'ORO;HAUTE-CORSE;PAYS BASTIAIS
PANCHERACCIA;BUSTANICO;HAUTE-CORSE;PLAINE ORIENTALE
PENTA-DI-CASINCA;VESCOVATO;HAUTE-CORSE;CASTAGNICCIA / MARE E MONTI
SANTA-MARIA-SICHE;SANTA-MARIA-SICHE;CORSE-DU-SUD;TARAVO / VALINCO / SARTENAIS
SANTA-REPARATA-DI-BALAGNA;L'ILE-ROUSSE;HAUTE-CORSE;PAYS DE BALAGNE
SARROLA-CARCOPINO;CELAVO-MEZZANA;CORSE-DU-SUD;PAYS AJACCIEN
SOLARO;PRUNELLI-DI-FIUMORBO;HAUTE-CORSE;PLAINE ORIENTALE
ZILIA;CALENZANA;HAUTE-CORSE;PAYS DE BALAGNE
AGHIONE;VEZZANI;HAUTE-CORSE;PLAINE ORIENTALE
CASALABRIVA;PETRETO-BICCHISANO;CORSE-DU-SUD;TARAVO / VALINCO / SARTENAIS
CORBARA;L'ILE-ROUSSE;HAUTE-CORSE;PAYS DE BALAGNE
OLIVESE;PETRETO-BICCHISANO;CORSE-DU-SUD;TARAVO / VALINCO / SARTENAIS
PIE-D'OREZZA;OREZZA-ALESANI;HAUTE-CORSE;CASTAGNICCIA / MARE E MONTI
PIETRALBA;LE HAUT-NEBBIO;HAUTE-CORSE;PAYS DE BALAGNE
PIEVE;LE HAUT-NEBBIO;HAUTE-CORSE;PAYS BASTIAIS
QUERCITELLO;FIUMALTO-D'AMPUGNANI;HAUTE-CORSE;CASTAGNICCIA / MARE E MONTI
SANTA-MARIA-FIGANIELLA;OLMETO;CORSE-DU-SUD;TARAVO / VALINCO / SARTENAIS
SCOLCA;ALTO-DI-CASACONI;HAUTE-CORSE;PAYS BASTIAIS
VERO;CELAVO-MEZZANA;CORSE-DU-SUD;PAYS AJACCIEN
ALATA;AJACCIO 7E CANTON;CORSE-DU-SUD;PAYS AJACCIEN
BRANDO;SAGRO-DI-SANTA-GIULIA;HAUTE-CORSE;PAYS BASTIAIS
CARGIACA;TALLANO-SCOPAMENE;CORSE-DU-SUD;EXTREME SUD / ALTA ROCCA
COGGIA;LES DEUX-SORRU;CORSE-DU-SUD;OUEST CORSE
ERBAJOLO;BUSTANICO;HAUTE-CORSE;CENTRE CORSE
GROSSETO-PRUGNA;SANTA-MARIA-SICHE;CORSE-DU-SUD;PAYS AJACCIEN
MANSO;CALENZANA;HAUTE-CORSE;PAYS DE BALAGNE
MURZO;LES DEUX-SORRU;CORSE-DU-SUD;OUEST CORSE
PIEDICROCE;OREZZA-ALESANI;HAUTE-CORSE;CASTAGNICCIA / MARE E MONTI
PIETROSELLA;SANTA-MARIA-SICHE;CORSE-DU-SUD;PAYS AJACCIEN
PORRI;VESCOVATO;HAUTE-CORSE;CASTAGNICCIA / MARE E MONTI
PROPRIANO;OLMETO;CORSE-DU-SUD;TARAVO / VALINCO / SARTENAIS
PRUNELLI-DI-FIUMORBO;PRUNELLI-DI-FIUMORBO;HAUTE-CORSE;PLAINE ORIENTALE
ROSAZIA;CRUZINI-CINARCA;CORSE-DU-SUD;OUEST CORSE
RUTALI;LE HAUT-NEBBIO;HAUTE-CORSE;PAYS BASTIAIS
SCATA;FIUMALTO-D'AMPUGNANI;HAUTE-CORSE;CASTAGNICCIA / MARE E MONTI
SISCO;SAGRO-DI-SANTA-GIULIA;HAUTE-CORSE;PAYS BASTIAIS
SOCCIA;LES DEUX-SORRU;CORSE-DU-SUD;OUEST CORSE
STAZZONA;OREZZA-ALESANI;HAUTE-CORSE;CASTAGNICCIA / MARE E MONTI
TAVERA;CELAVO-MEZZANA;CORSE-DU-SUD;PAYS AJACCIEN
VALLE-D'ALESANI;OREZZA-ALESANI;HAUTE-CORSE;CASTAGNICCIA / MARE E MONTI
ZEVACO;ZICAVO;CORSE-DU-SUD;TARAVO / VALINCO / SARTENAIS
ALBERTACCE;NIOLU-OMESSA;HAUTE-CORSE;CENTRE CORSE
CHIATRA;MOITA-VERDE;HAUTE-CORSE;PLAINE ORIENTALE
COZZANO;ZICAVO;CORSE-DU-SUD;TARAVO / VALINCO / SARTENAIS
MARIGNANA;LES DEUX-SEVI;CORSE-DU-SUD;OUEST CORSE
MAUSOLEO;BELGODERE;HAUTE-CORSE;PAYS DE BALAGNE
OCCHIATANA;BELGODERE;HAUTE-CORSE;PAYS DE BALAGNE
RAPALE;LE HAUT-NEBBIO;HAUTE-CORSE;PAYS BASTIAIS
RENNO;LES DEUX-SORRU;CORSE-DU-SUD;OUEST CORSE
SANT'ANDREA-DI-BOZIO;BUSTANICO;HAUTE-CORSE;CENTRE CORSE
SANTA-REPARATA-DI-MORIANI;CAMPOLORO-DI-MORIANI;HAUTE-CORSE;CASTAGNICCIA / MARE E MONTI
ZALANA;MOITA-VERDE;HAUTE-CORSE;PLAINE ORIENTALE
CALACUCCIA;NIOLU-OMESSA;HAUTE-CORSE;CENTRE CORSE
CARGESE;LES DEUX-SEVI;CORSE-DU-SUD;OUEST CORSE
CERVIONE;CAMPOLORO-DI-MORIANI;HAUTE-CORSE;CASTAGNICCIA / MARE E MONTI
CORSCIA;NIOLU-OMESSA;HAUTE-CORSE;CENTRE CORSE
EVISA;LES DEUX-SEVI;CORSE-DU-SUD;OUEST CORSE
FAVALELLO;BUSTANICO;HAUTE-CORSE;CENTRE CORSE
FELCE;OREZZA-ALESANI;HAUTE-CORSE;CASTAGNICCIA / MARE E MONTI
LUGO-DI-NAZZA;GHISONI;HAUTE-CORSE;PLAINE ORIENTALE
MOCA-CROCE;PETRETO-BICCHISANO;CORSE-DU-SUD;TARAVO / VALINCO / SARTENAIS
OLMETA-DI-CAPOCORSO;SAGRO-DI-SANTA-GIULIA;HAUTE-CORSE;PAYS BASTIAIS
PIANA;LES DEUX-SEVI;CORSE-DU-SUD;OUEST CORSE
SANTO-PIETRO-DI-TENDA;LE HAUT-NEBBIO;HAUTE-CORSE;PAYS BASTIAIS
VENACO;VENACO;HAUTE-CORSE;CENTRE CORSE
ALANDO;BUSTANICO;HAUTE-CORSE;CENTRE CORSE
CANAVAGGIA;ALTO-DI-CASACONI;HAUTE-CORSE;CENTRE CORSE
CASTELLARE-DI-MERCURIO;BUSTANICO;HAUTE-CORSE;CENTRE CORSE
CORTE;CORTE;HAUTE-CORSE;CENTRE CORSE
FOCE;SARTENE;CORSE-DU-SUD;TARAVO / VALINCO / SARTENAIS
GUAGNO;LES DEUX-SORRU;CORSE-DU-SUD;OUEST CORSE
LAMA;LE HAUT-NEBBIO;HAUTE-CORSE;PAYS DE BALAGNE
PERI;CELAVO-MEZZANA;CORSE-DU-SUD;PAYS AJACCIEN
PIAZZOLE;OREZZA-ALESANI;HAUTE-CORSE;CASTAGNICCIA / MARE E MONTI
RIVENTOSA;VENACO;HAUTE-CORSE;CENTRE CORSE
SANTA-MARIA-POGGIO;CAMPOLORO-DI-MORIANI;HAUTE-CORSE;CASTAGNICCIA / MARE E MONTI
VENTISERI;PRUNELLI-DI-FIUMORBO;HAUTE-CORSE;PLAINE ORIENTALE
AFA;AJACCIO 7E CANTON;CORSE-DU-SUD;PAYS AJACCIEN
ALTAGENE;TALLANO-SCOPAMENE;CORSE-DU-SUD;EXTREME SUD / ALTA ROCCA
ARGIUSTA-MORICCIO;PETRETO-BICCHISANO;CORSE-DU-SUD;TARAVO / VALINCO / SARTENAIS
BARBAGGIO;LA CONCA-D'ORO;HAUTE-CORSE;PAYS BASTIAIS
BASTELICACCIA;AJACCIO 7E CANTON;CORSE-DU-SUD;PAYS AJACCIEN
CALENZANA;CALENZANA;HAUTE-CORSE;PAYS DE BALAGNE
CARPINETO;OREZZA-ALESANI;HAUTE-CORSE;CASTAGNICCIA / MARE E MONTI
GAVIGNANO;CASTIFAO-MOROSAGLIA;HAUTE-CORSE;CENTRE CORSE
OGLIASTRO;SAGRO-DI-SANTA-GIULIA;HAUTE-CORSE;PAYS BASTIAIS
PIAZZALI;OREZZA-ALESANI;HAUTE-CORSE;CASTAGNICCIA / MARE E MONTI
PIEDICORTE-DI-GAGGIO;BUSTANICO;HAUTE-CORSE;CENTRE CORSE
QUENZA;TALLANO-SCOPAMENE;CORSE-DU-SUD;EXTREME SUD / ALTA ROCCA
ROSPIGLIANI;VEZZANI;HAUTE-CORSE;CENTRE CORSE
SAN-GIOVANNI-DI-MORIANI;CAMPOLORO-DI-MORIANI;HAUTE-CORSE;CASTAGNICCIA / MARE E MONTI
VALLE-D'OREZZA;OREZZA-ALESANI;HAUTE-CORSE;CASTAGNICCIA / MARE E MONTI
AZILONE-AMPAZA;SANTA-MARIA-SICHE;CORSE-DU-SUD;TARAVO / VALINCO / SARTENAIS
BIGUGLIA;BORGO;HAUTE-CORSE;PAYS BASTIAIS
BOCOGNANO;CELAVO-MEZZANA;CORSE-DU-SUD;PAYS AJACCIEN
BONIFACIO;BONIFACIO;CORSE-DU-SUD;EXTREME SUD / ALTA ROCCA
CAGNANO;CAPOBIANCO;HAUTE-CORSE;PAYS BASTIAIS
CASEVECCHIE;VEZZANI;HAUTE-CORSE;PLAINE ORIENTALE
ERSA;CAPOBIANCO;HAUTE-CORSE;PAYS BASTIAIS
FICAJA;FIUMALTO-D'AMPUGNANI;HAUTE-CORSE;CASTAGNICCIA / MARE E MONTI
LOPIGNA;CRUZINI-CINARCA;CORSE-DU-SUD;OUEST CORSE
NONZA;SAGRO-DI-SANTA-GIULIA;HAUTE-CORSE;PAYS BASTIAIS
NOVELLA;BELGODERE;HAUTE-CORSE;PAYS DE BALAGNE
OTA;LES DEUX-SEVI;CORSE-DU-SUD;OUEST CORSE
POGGIOLO;LES DEUX-SORRU;CORSE-DU-SUD;OUEST CORSE
POGGIO-MEZZANA;FIUMALTO-D'AMPUGNANI;HAUTE-CORSE;CASTAGNICCIA / MARE E MONTI
PRUNO;FIUMALTO-D'AMPUGNANI;HAUTE-CORSE;CASTAGNICCIA / MARE E MONTI
SANTO-PIETRO-DI-VENACO;VENACO;HAUTE-CORSE;CENTRE CORSE
TAGLIO-ISOLACCIO;FIUMALTO-D'AMPUGNANI;HAUTE-CORSE;CASTAGNICCIA / MARE E MONTI
TOLLA;BASTELICA;CORSE-DU-SUD;PAYS AJACCIEN
TOX;MOITA-VERDE;HAUTE-CORSE;PLAINE ORIENTALE
VALLECALLE;LA CONCA-D'ORO;HAUTE-CORSE;PAYS BASTIAIS
VOLPAJOLA;ALTO-DI-CASACONI;HAUTE-CORSE;PAYS BASTIAIS
AZZANA;CRUZINI-CINARCA;CORSE-DU-SUD;OUEST CORSE
BISINCHI;CASTIFAO-MOROSAGLIA;HAUTE-CORSE;CENTRE CORSE
BUSTANICO;BUSTANICO;HAUTE-CORSE;CENTRE CORSE
CAMBIA;BUSTANICO;HAUTE-CORSE;CENTRE CORSE
CASAMACCIOLI;NIOLU-OMESSA;HAUTE-CORSE;CENTRE CORSE
CAURO;BASTELICA;CORSE-DU-SUD;PAYS AJACCIEN
NESSA;BELGODERE;HAUTE-CORSE;PAYS DE BALAGNE
OLMO;ALTO-DI-CASACONI;HAUTE-CORSE;PAYS BASTIAIS
SAN-DAMIANO;FIUMALTO-D'AMPUGNANI;HAUTE-CORSE;CASTAGNICCIA / MARE E MONTI
SANT'ANDREA-D'ORCINO;CRUZINI-CINARCA;CORSE-DU-SUD;OUEST CORSE
SOLLACARO;PETRETO-BICCHISANO;CORSE-DU-SUD;TARAVO / VALINCO / SARTENAIS
SORBO-OCAGNANO;VESCOVATO;HAUTE-CORSE;CASTAGNICCIA / MARE E MONTI
CARBINI;LEVIE;CORSE-DU-SUD;EXTREME SUD / ALTA ROCCA
FOCICCHIA;BUSTANICO;HAUTE-CORSE;CENTRE CORSE
FURIANI;BASTIA (FURIANI-MONTESORO);HAUTE-CORSE;PAYS BASTIAIS
GALERIA;CALENZANA;HAUTE-CORSE;PAYS DE BALAGNE
MERIA;CAPOBIANCO;HAUTE-CORSE;PAYS BASTIAIS
NOVALE;OREZZA-ALESANI;HAUTE-CORSE;CASTAGNICCIA / MARE E MONTI
ORTO;LES DEUX-SORRU;CORSE-DU-SUD;OUEST CORSE
PIGNA;L'ILE-ROUSSE;HAUTE-CORSE;PAYS DE BALAGNE
POLVEROSO;FIUMALTO-D'AMPUGNANI;HAUTE-CORSE;CASTAGNICCIA / MARE E MONTI
POPOLASCA;NIOLU-OMESSA;HAUTE-CORSE;CENTRE CORSE
SANTA-LUCIA-DI-MERCURIO;BUSTANICO;HAUTE-CORSE;CENTRE CORSE
SANT'ANTONINO;L'ILE-ROUSSE;HAUTE-CORSE;PAYS DE BALAGNE
SERRIERA;LES DEUX-SEVI;CORSE-DU-SUD;OUEST CORSE
SILVARECCIO;FIUMALTO-D'AMPUGNANI;HAUTE-CORSE;CASTAGNICCIA / MARE E MONTI
VILLANOVA;AJACCIO 7E CANTON;CORSE-DU-SUD;PAYS AJACCIEN
ALERIA;MOITA-VERDE;HAUTE-CORSE;PLAINE ORIENTALE
LENTO;ALTO-DI-CASACONI;HAUTE-CORSE;CENTRE CORSE
PALASCA;BELGODERE;HAUTE-CORSE;PAYS DE BALAGNE
PARATA;OREZZA-ALESANI;HAUTE-CORSE;CASTAGNICCIA / MARE E MONTI
PASTRICCIOLA;CRUZINI-CINARCA;CORSE-DU-SUD;OUEST CORSE
PIANELLO;MOITA-VERDE;HAUTE-CORSE;PLAINE ORIENTALE
SOVERIA;NIOLU-OMESSA;HAUTE-CORSE;CENTRE CORSE
VICO;LES DEUX-SORRU;CORSE-DU-SUD;OUEST CORSE
ARRO;CRUZINI-CINARCA;CORSE-DU-SUD;OUEST CORSE
LANO;BUSTANICO;HAUTE-CORSE;CENTRE CORSE
MORSIGLIA;CAPOBIANCO;HAUTE-CORSE;PAYS BASTIAIS
MURACCIOLE;VENACO;HAUTE-CORSE;CENTRE CORSE
OCANA;BASTELICA;CORSE-DU-SUD;PAYS AJACCIEN
SAMPOLO;ZICAVO;CORSE-DU-SUD;TARAVO / VALINCO / SARTENAIS
SERMANO;BUSTANICO;HAUTE-CORSE;CENTRE CORSE
TARRANO;OREZZA-ALESANI;HAUTE-CORSE;CASTAGNICCIA / MARE E MONTI
TAVACO;CELAVO-MEZZANA;CORSE-DU-SUD;PAYS AJACCIEN
URBALACONE;SANTA-MARIA-SICHE;CORSE-DU-SUD;TARAVO / VALINCO / SARTENAIS
VALLE-DI-CAMPOLORO;CAMPOLORO-DI-MORIANI;HAUTE-CORSE;CASTAGNICCIA / MARE E MONTI
ALZI;BUSTANICO;HAUTE-CORSE;CENTRE CORSE
BASTIA;BASTIA;HAUTE-CORSE;PAYS BASTIAIS
BIGORNO;ALTO-DI-CASACONI;HAUTE-CORSE;PAYS BASTIAIS
CARCHETO-BRUSTICO;OREZZA-ALESANI;HAUTE-CORSE;CASTAGNICCIA / MARE E MONTI
CARDO-TORGIA;SANTA-MARIA-SICHE;CORSE-DU-SUD;TARAVO / VALINCO / SARTENAIS
CONCA;PORTO-VECCHIO;CORSE-DU-SUD;PLAINE ORIENTALE
CORRANO;ZICAVO;CORSE-DU-SUD;TARAVO / VALINCO / SARTENAIS
CUTTOLI-CORTICCHIATO;CELAVO-MEZZANA;CORSE-DU-SUD;PAYS AJACCIEN
GHISONI;GHISONI;HAUTE-CORSE;PLAINE ORIENTALE
L'ILE-ROUSSE;L'ILE-ROUSSE;HAUTE-CORSE;PAYS DE BALAGNE
MONCALE;CALENZANA;HAUTE-CORSE;PAYS DE BALAGNE
NOCETA;VEZZANI;HAUTE-CORSE;CENTRE CORSE
PIEDIGRIGGIO;NIOLU-OMESSA;HAUTE-CORSE;CENTRE CORSE
PIEDIPARTINO;OREZZA-ALESANI;HAUTE-CORSE;CASTAGNICCIA / MARE E MONTI
QUASQUARA;SANTA-MARIA-SICHE;CORSE-DU-SUD;TARAVO / VALINCO / SARTENAIS
VELONE-ORNETO;FIUMALTO-D'AMPUGNANI;HAUTE-CORSE;CASTAGNICCIA / MARE E MONTI
VIVARIO;VENACO;HAUTE-CORSE;CENTRE CORSE
ZOZA;TALLANO-SCOPAMENE;CORSE-DU-SUD;EXTREME SUD / ALTA ROCCA
ARBORI;LES DEUX-SORRU;CORSE-DU-SUD;OUEST CORSE
AVAPESSA;BELGODERE;HAUTE-CORSE;PAYS DE BALAGNE
CASALTA;FIUMALTO-D'AMPUGNANI;HAUTE-CORSE;CASTAGNICCIA / MARE E MONTI
CASTIRLA;NIOLU-OMESSA;HAUTE-CORSE;CENTRE CORSE
CATERI;BELGODERE;HAUTE-CORSE;PAYS DE BALAGNE
GIOCATOJO;FIUMALTO-D'AMPUGNANI;HAUTE-CORSE;CASTAGNICCIA / MARE E MONTI
MONTE;ALTO-DI-CASACONI;HAUTE-CORSE;PAYS BASTIAIS
MOROSAGLIA;CASTIFAO-MOROSAGLIA;HAUTE-CORSE;CENTRE CORSE
OLMETA-DI-TUDA;LA CONCA-D'ORO;HAUTE-CORSE;PAYS BASTIAIS
PATRIMONIO;LA CONCA-D'ORO;HAUTE-CORSE;PAYS BASTIAIS
PIETRA-DI-VERDE;MOITA-VERDE;HAUTE-CORSE;PLAINE ORIENTALE
PINO;CAPOBIANCO;HAUTE-CORSE;PAYS BASTIAIS
SALICETO;CASTIFAO-MOROSAGLIA;HAUTE-CORSE;CENTRE CORSE
SAN-LORENZO;BUSTANICO;HAUTE-CORSE;CENTRE CORSE
SORIO;LE HAUT-NEBBIO;HAUTE-CORSE;PAYS BASTIAIS
TOMINO;CAPOBIANCO;HAUTE-CORSE;PAYS BASTIAIS
UCCIANI;CELAVO-MEZZANA;CORSE-DU-SUD;PAYS AJACCIEN
URTACA;LE HAUT-NEBBIO;HAUTE-CORSE;PAYS DE BALAGNE
VALLICA;BELGODERE;HAUTE-CORSE;PAYS DE BALAGNE
BARRETTALI;CAPOBIANCO;HAUTE-CORSE;PAYS BASTIAIS
BASTELICA;BASTELICA;CORSE-DU-SUD;PAYS AJACCIEN
CARTICASI;BUSTANICO;HAUTE-CORSE;CENTRE CORSE
FIGARI;FIGARI;CORSE-DU-SUD;EXTREME SUD / ALTA ROCCA
LAVATOGGIO;BELGODERE;HAUTE-CORSE;PAYS DE BALAGNE
PIANOTTOLI-CALDARELLO;FIGARI;CORSE-DU-SUD;EXTREME SUD / ALTA ROCCA
PILA-CANALE;SANTA-MARIA-SICHE;CORSE-DU-SUD;TARAVO / VALINCO / SARTENAIS
POGGIO-DI-NAZZA;GHISONI;HAUTE-CORSE;PLAINE ORIENTALE
SAINTE-LUCIE-DE-TALLANO;TALLANO-SCOPAMENE;CORSE-DU-SUD;EXTREME SUD / ALTA ROCCA
SAN-NICOLAO;CAMPOLORO-DI-MORIANI;HAUTE-CORSE;CASTAGNICCIA / MARE E MONTI
ALBITRECCIA;SANTA-MARIA-SICHE;CORSE-DU-SUD;PAYS AJACCIEN
BALOGNA;LES DEUX-SORRU;CORSE-DU-SUD;OUEST CORSE
CAMPILE;ALTO-DI-CASACONI;HAUTE-CORSE;PAYS BASTIAIS
CASTELLO-DI-ROSTINO;CASTIFAO-MOROSAGLIA;HAUTE-CORSE;CENTRE CORSE
GHISONACCIA;GHISONI;HAUTE-CORSE;PLAINE ORIENTALE
LETIA;LES DEUX-SORRU;CORSE-DU-SUD;OUEST CORSE
LUMIO;CALVI;HAUTE-CORSE;PAYS DE BALAGNE
MONACIA-D'AULLENE;FIGARI;CORSE-DU-SUD;EXTREME SUD / ALTA ROCCA
MURO;BELGODERE;HAUTE-CORSE;PAYS DE BALAGNE
NOCARIO;OREZZA-ALESANI;HAUTE-CORSE;CASTAGNICCIA / MARE E MONTI
PRATO-DI-GIOVELLINA;NIOLU-OMESSA;HAUTE-CORSE;CENTRE CORSE
SANT'ANDREA-DI-COTONE;CAMPOLORO-DI-MORIANI;HAUTE-CORSE;CASTAGNICCIA / MARE E MONTI
SPELONCATO;BELGODERE;HAUTE-CORSE;PAYS DE BALAGNE
TASSO;ZICAVO;CORSE-DU-SUD;TARAVO / VALINCO / SARTENAIS
VIGGIANELLO;OLMETO;CORSE-DU-SUD;TARAVO / VALINCO / SARTENAIS
ALGAJOLA;BELGODERE;HAUTE-CORSE;PAYS DE BALAGNE
AMPRIANI;MOITA-VERDE;HAUTE-CORSE;PLAINE ORIENTALE
CASTELLARE-DI-CASINCA;VESCOVATO;HAUTE-CORSE;CASTAGNICCIA / MARE E MONTI
MURATO;LE HAUT-NEBBIO;HAUTE-CORSE;PAYS BASTIAIS
PETRETO-BICCHISANO;PETRETO-BICCHISANO;CORSE-DU-SUD;TARAVO / VALINCO / SARTENAIS
SAN-GIULIANO;CAMPOLORO-DI-MORIANI;HAUTE-CORSE;CASTAGNICCIA / MARE E MONTI
SAN-MARTINO-DI-LOTA;SAN-MARTINO-DI-LOTA;HAUTE-CORSE;PAYS BASTIAIS
SANTA-MARIA-DI-LOTA;SAN-MARTINO-DI-LOTA;HAUTE-CORSE;PAYS BASTIAIS
VALLE-DI-ROSTINO;CASTIFAO-MOROSAGLIA;HAUTE-CORSE;CENTRE CORSE
VILLE-DI-PARASO;BELGODERE;HAUTE-CORSE;PAYS DE BALAGNE
ZICAVO;ZICAVO;CORSE-DU-SUD;TARAVO / VALINCO / SARTENAIS
ALTIANI;BUSTANICO;HAUTE-CORSE;CENTRE CORSE
CASABIANCA;FIUMALTO-D'AMPUGNANI;HAUTE-CORSE;CASTAGNICCIA / MARE E MONTI
GIUNCHETO;SARTENE;CORSE-DU-SUD;TARAVO / VALINCO / SARTENAIS
GUITERA-LES-BAINS;ZICAVO;CORSE-DU-SUD;TARAVO / VALINCO / SARTENAIS
LURI;CAPOBIANCO;HAUTE-CORSE;PAYS BASTIAIS
MATRA;MOITA-VERDE;HAUTE-CORSE;PLAINE ORIENTALE
MAZZOLA;BUSTANICO;HAUTE-CORSE;CENTRE CORSE
MOLTIFAO;CASTIFAO-MOROSAGLIA;HAUTE-CORSE;CENTRE CORSE
MONTEGROSSO;CALENZANA;HAUTE-CORSE;PAYS DE BALAGNE
MONTICELLO;L'ILE-ROUSSE;HAUTE-CORSE;PAYS DE BALAGNE
OLMI-CAPPELLA;BELGODERE;HAUTE-CORSE;PAYS DE BALAGNE
OMESSA;NIOLU-OMESSA;HAUTE-CORSE;CENTRE CORSE
PENTA-ACQUATELLA;ALTO-DI-CASACONI;HAUTE-CORSE;PAYS BASTIAIS
PERO-CASEVECCHIE;FIUMALTO-D'AMPUGNANI;HAUTE-CORSE;CASTAGNICCIA / MARE E MONTI
PIETROSO;VEZZANI;HAUTE-CORSE;PLAINE ORIENTALE
POGGIO-DI-VENACO;VENACO;HAUTE-CORSE;CENTRE CORSE
POGGIO-D'OLETTA;LA CONCA-D'ORO;HAUTE-CORSE;PAYS BASTIAIS
SERRA-DI-FIUMORBO;PRUNELLI-DI-FIUMORBO;HAUTE-CORSE;PLAINE ORIENTALE
SORBOLLANO;TALLANO-SCOPAMENE;CORSE-DU-SUD;EXTREME SUD / ALTA ROCCA
ZONZA;LEVIE;CORSE-DU-SUD;EXTREME SUD / ALTA ROCCA
AJACCIO;AJACCIO;CORSE-DU-SUD;PAYS AJACCIEN
AMBIEGNA;CRUZINI-CINARCA;CORSE-DU-SUD;OUEST CORSE
FELICETO;BELGODERE;HAUTE-CORSE;PAYS DE BALAGNE
FOZZANO;OLMETO;CORSE-DU-SUD;TARAVO / VALINCO / SARTENAIS
FRASSETO;SANTA-MARIA-SICHE;CORSE-DU-SUD;TARAVO / VALINCO / SARTENAIS
GROSSA;SARTENE;CORSE-DU-SUD;TARAVO / VALINCO / SARTENAIS
LECCI;PORTO-VECCHIO;CORSE-DU-SUD;EXTREME SUD / ALTA ROCCA
LINGUIZZETTA;MOITA-VERDE;HAUTE-CORSE;PLAINE ORIENTALE
PERELLI;OREZZA-ALESANI;HAUTE-CORSE;CASTAGNICCIA / MARE E MONTI
PIOGGIOLA;BELGODERE;HAUTE-CORSE;PAYS DE BALAGNE
SALICE;CRUZINI-CINARCA;CORSE-DU-SUD;OUEST CORSE
SAN-GAVINO-D'AMPUGNANI;FIUMALTO-D'AMPUGNANI;HAUTE-CORSE;CASTAGNICCIA / MARE E MONTI
SOTTA;FIGARI;CORSE-DU-SUD;EXTREME SUD / ALTA ROCCA
TRALONCA;BUSTANICO;HAUTE-CORSE;CENTRE CORSE
ZERUBIA;TALLANO-SCOPAMENE;CORSE-DU-SUD;TARAVO / VALINCO / SARTENAIS
ARBELLARA;OLMETO;CORSE-DU-SUD;TARAVO / VALINCO / SARTENAIS
CAMPO;SANTA-MARIA-SICHE;CORSE-DU-SUD;TARAVO / VALINCO / SARTENAIS
CANALE-DI-VERDE;MOITA-VERDE;HAUTE-CORSE;PLAINE ORIENTALE
CHISA;PRUNELLI-DI-FIUMORBO;HAUTE-CORSE;PLAINE ORIENTALE
ERONE;BUSTANICO;HAUTE-CORSE;CENTRE CORSE
PIOBETTA;OREZZA-ALESANI;HAUTE-CORSE;CASTAGNICCIA / MARE E MONTI
POGGIO-MARINACCIO;FIUMALTO-D'AMPUGNANI;HAUTE-CORSE;CASTAGNICCIA / MARE E MONTI
ROGLIANO;CAPOBIANCO;HAUTE-CORSE;PAYS BASTIAIS
SAN-GAVINO-DI-FIUMORBO;PRUNELLI-DI-FIUMORBO;HAUTE-CORSE;PLAINE ORIENTALE
SERRA-DI-FERRO;SANTA-MARIA-SICHE;CORSE-DU-SUD;TARAVO / VALINCO / SARTENAIS
VEZZANI;VEZZANI;HAUTE-CORSE;PLAINE ORIENTALE
BELVEDERE-CAMPOMORO;SARTENE;CORSE-DU-SUD;TARAVO / VALINCO / SARTENAIS
CAMPI;MOITA-VERDE;HAUTE-CORSE;PLAINE ORIENTALE
FARINOLE;LA CONCA-D'ORO;HAUTE-CORSE;PAYS BASTIAIS
GUARGUALE;SANTA-MARIA-SICHE;CORSE-DU-SUD;TARAVO / VALINCO / SARTENAIS
MELA;TALLANO-SCOPAMENE;CORSE-DU-SUD;EXTREME SUD / ALTA ROCCA
OLMICCIA;TALLANO-SCOPAMENE;CORSE-DU-SUD;EXTREME SUD / ALTA ROCCA
SARTENE;SARTENE;CORSE-DU-SUD;TARAVO / VALINCO / SARTENAIS
VALLE-DI-MEZZANA;CELAVO-MEZZANA;CORSE-DU-SUD;PAYS AJACCIEN
VESCOVATO;VESCOVATO;HAUTE-CORSE;CASTAGNICCIA / MARE E MONTI
VIGNALE;BORGO;HAUTE-CORSE;PAYS BASTIAIS
VILLE-DI-PIETRABUGNO;SAN-MARTINO-DI-LOTA;HAUTE-CORSE;PAYS BASTIAIS
BILIA;SARTENE;CORSE-DU-SUD;TARAVO / VALINCO / SARTENAIS
CANARI;SAGRO-DI-SANTA-GIULIA;HAUTE-CORSE;PAYS BASTIAIS
CASTIGLIONE;NIOLU-OMESSA;HAUTE-CORSE;CENTRE CORSE
COTI-CHIAVARI;SANTA-MARIA-SICHE;CORSE-DU-SUD;PAYS AJACCIEN
OLCANI;SAGRO-DI-SANTA-GIULIA;HAUTE-CORSE;PAYS BASTIAIS
OSANI;LES DEUX-SEVI;CORSE-DU-SUD;OUEST CORSE
PIANO;FIUMALTO-D'AMPUGNANI;HAUTE-CORSE;CASTAGNICCIA / MARE E MONTI
PIETRICAGGIO;OREZZA-ALESANI;HAUTE-CORSE;CASTAGNICCIA / MARE E MONTI
REZZA;CRUZINI-CINARCA;CORSE-DU-SUD;OUEST CORSE
RUSIO;BUSTANICO;HAUTE-CORSE;CENTRE CORSE
SAN-GAVINO-DI-TENDA;LE HAUT-NEBBIO;HAUTE-CORSE;PAYS BASTIAIS
ZUANI;MOITA-VERDE;HAUTE-CORSE;PLAINE ORIENTALE
ANTISANTI;VEZZANI;HAUTE-CORSE;PLAINE ORIENTALE
ASCO;CASTIFAO-MOROSAGLIA;HAUTE-CORSE;CENTRE CORSE
BELGODERE;BELGODERE;HAUTE-CORSE;PAYS DE BALAGNE
BORGO;BORGO;HAUTE-CORSE;PAYS BASTIAIS
CAMPANA;OREZZA-ALESANI;HAUTE-CORSE;CASTAGNICCIA / MARE E MONTI
CARBUCCIA;CELAVO-MEZZANA;CORSE-DU-SUD;PAYS AJACCIEN
CASTIFAO;CASTIFAO-MOROSAGLIA;HAUTE-CORSE;CENTRE CORSE
CASTINETA;CASTIFAO-MOROSAGLIA;HAUTE-CORSE;CENTRE CORSE
COGNOCOLI-MONTICCHI;SANTA-MARIA-SICHE;CORSE-DU-SUD;TARAVO / VALINCO / SARTENAIS
COSTA;BELGODERE;HAUTE-CORSE;PAYS DE BALAGNE
ECCICA-SUARELLA;BASTELICA;CORSE-DU-SUD;PAYS AJACCIEN
FORCIOLO;SANTA-MARIA-SICHE;CORSE-DU-SUD;TARAVO / VALINCO / SARTENAIS
ISOLACCIO-DI-FIUMORBO;PRUNELLI-DI-FIUMORBO;HAUTE-CORSE;PLAINE ORIENTALE
LORETO-DI-TALLANO;TALLANO-SCOPAMENE;CORSE-DU-SUD;EXTREME SUD / ALTA ROCCA
LUCCIANA;BORGO;HAUTE-CORSE;PAYS BASTIAIS
ORTIPORIO;ALTO-DI-CASACONI;HAUTE-CORSE;PAYS BASTIAIS
PARTINELLO;LES DEUX-SEVI;CORSE-DU-SUD;OUEST CORSE
PIETRACORBARA;SAGRO-DI-SANTA-GIULIA;HAUTE-CORSE;PAYS BASTIAIS
PIETRASERENA;BUSTANICO;HAUTE-CORSE;CENTRE CORSE
SANTA-LUCIA-DI-MORIANI;CAMPOLORO-DI-MORIANI;HAUTE-CORSE;CASTAGNICCIA / MARE E MONTI
SERRA-DI-SCOPAMENE;TALLANO-SCOPAMENE;CORSE-DU-SUD;EXTREME SUD / ALTA ROCCA
VENZOLASCA;VESCOVATO;HAUTE-CORSE;CASTAGNICCIA / MARE E MONTI
ZIGLIARA;SANTA-MARIA-SICHE;CORSE-DU-SUD;TARAVO / VALINCO / SARTENAIS
CALVI;CALVI;HAUTE-CORSE;PAYS DE BALAGNE
CANNELLE;CRUZINI-CINARCA;CORSE-DU-SUD;OUEST CORSE
CASAGLIONE;CRUZINI-CINARCA;CORSE-DU-SUD;OUEST CORSE
LA PORTA;FIUMALTO-D'AMPUGNANI;HAUTE-CORSE;CASTAGNICCIA / MARE E MONTI
LORETO-DI-CASINCA;VESCOVATO;HAUTE-CORSE;CASTAGNICCIA / MARE E MONTI
ORTALE;OREZZA-ALESANI;HAUTE-CORSE;CASTAGNICCIA / MARE E MONTI
PRUNELLI-DI-CASACCONI;ALTO-DI-CASACONI;HAUTE-CORSE;PAYS BASTIAIS
RAPAGGIO;OREZZA-ALESANI;HAUTE-CORSE;CASTAGNICCIA / MARE E MONTI
